image,has_corners,x1,y1,x2,y2,x3,y3,x4,y4
PHOTO_20250521_160708.jpg,0,0,0,0,0,0,0,0,0
PHOTO_20250521_160722.jpg,1,368,215,415,980,1161,944,1139,215
PHOTO_20250521_160848.jpg,0,0,0,0,0,0,0,0,0
PHOTO_20250521_161634.jpg,1,533,98,537,807,1218,819,1259,112
PHOTO_20250521_161850.jpg,1,609,207,646,915,1368,925,1349,184
PHOTO_20250521_161914.jpg,1,525,185,534,890,1247,911,1249,179
PHOTO_20250521_162142.jpg,1,926,197,855,769,1453,816,1473,253
PHOTO_20250521_162212.jpg,1,661,236,685,929,1404,917,1364,162
PHOTO_20250521_162318.jpg,1,581,434,566,1016,1112,968,1121,445
PHOTO_20250521_162321.jpg,0,0,0,0,0,0,0,0,0
PHOTO_20250521_162442.jpg,1,591,223,625,923,1330,905,1324,186
PHOTO_20250521_162545.jpg,1,686,308,690,810,1208,846,1211,285
PHOTO_20250521_162631.jpg,1,981,308,580,629,935,1019,1249,684
PHOTO_20250521_162844.jpg,1,631,202,661,904,1384,916,1358,190
PHOTO_20250521_163217.jpg,0,0,0,0,0,0,0,0,0
PHOTO_20250521_163328.jpg,0,0,0,0,0,0,0,0,0
PHOTO_20250521_163427.jpg,0,0,0,0,0,0,0,0,0
PHOTO_20250521_163507.jpg,0,0,0,0,0,0,0,0,0
PHOTO_20250521_163601.jpg,1,511,156,524,934,1327,920,1288,135
PHOTO_20250521_164046.jpg,0,0,0,0,0,0,0,0,0
PHOTO_20250521_164152.jpg,1,555,359,586,930,1117,845,1079,348
PHOTO_20250521_164222.jpg,1,779,227,773,872,1441,888,1439,237
PHOTO_20250521_164330.jpg,1,667,209,661,799,1261,811,1267,191
PHOTO_20250521_164405.jpg,0,0,0,0,0,0,0,0,0
PHOTO_20250521_164429.jpg,1,735,324,756,837,1299,814,1254,245
PHOTO_20250521_164531.jpg,1,445,93,472,893,1259,912,1286,71
PHOTO_20250521_164731.jpg,1,549,118,526,965,1382,1018,1452,138
PHOTO_20250521_164813.jpg,1,632,222,628,846,1266,838,1246,214
PHOTO_20250521_164907.jpg,0,0,0,0,0,0,0,0,0
PHOTO_20250521_164921.jpg,1,719,143,739,797,1375,773,1364,130
PHOTO_20250521_164925.jpg,0,0,0,0,0,0,0,0,0
PHOTO_20250521_164945.jpg,1,561,44,557,877,1400,930,1450,28
PHOTO_20250521_164958.jpg,1,645,193,661,885,1355,873,1354,179
PHOTO_20250521_165033.jpg,1,684,220,696,853,1343,853,1328,207
PHOTO_20250521_165034.jpg,1,574,224,577,875,1230,874,1230,202
PHOTO_20250521_165104.jpg,1,698,213,695,853,1349,862,1345,208
PHOTO_20250521_165144.jpg,1,582,360,552,1048,1278,1048,1265,394
PHOTO_20250521_165205.jpg,1,530,230,535,879,1168,850,1157,234
PHOTO_20250521_165307.jpg,1,464,252,469,915,1108,886,1101,257
PHOTO_20250521_165407.jpg,1,431,215,436,909,1127,886,1125,231
PHOTO_20250521_165416.jpg,1,678,243,681,851,1292,854,1292,233
PHOTO_20250521_165446.jpg,1,557,247,550,818,1120,831,1133,268
PHOTO_20250521_165524.jpg,1,481,244,470,867,1102,869,1123,252
PHOTO_20250521_165646.jpg,1,693,244,708,887,1362,869,1350,205
PHOTO_20250521_165650.jpg,1,695,297,649,925,1286,934,1301,328
PHOTO_20250521_165737.jpg,1,531,207,547,856,1194,850,1195,182
PHOTO_20250521_165754.jpg,1,690,185,696,865,1376,853,1366,180
PHOTO_20250521_165827.jpg,1,742,215,757,841,1391,835,1376,188
PHOTO_20250521_165857.jpg,1,862,210,885,813,1514,822,1496,178
PHOTO_20250521_165928.jpg,1,778,188,794,824,1445,829,1432,174
PHOTO_20250521_170031.jpg,1,667,186,633,690,1122,763,1193,233
PHOTO_20250521_170050.jpg,1,402,220,405,997,1184,979,1179,219
PHOTO_20250521_170054.jpg,0,0,0,0,0,0,0,0,0
PHOTO_20250521_170127.jpg,1,350,218,355,876,995,872,987,231
PHOTO_20250521_170152.jpg,1,452,191,445,972,1241,975,1231,196
PHOTO_20250521_170215.jpg,1,519,228,514,831,1116,830,1115,241
PHOTO_20250521_170230.jpg,1,689,250,716,786,1260,775,1242,214
PHOTO_20250521_170236.jpg,1,475,217,503,941,1239,928,1213,195
PHOTO_20250521_170254.jpg,1,499,161,471,961,1252,953,1251,190
PHOTO_20250521_170319.jpg,1,480,181,509,941,1256,917,1243,168
PHOTO_20250521_170329.jpg,1,554,180,587,898,1285,892,1292,179
PHOTO_20250521_170332.jpg,1,505,231,520,899,1185,887,1172,229
PHOTO_20250521_170403.jpg,1,378,170,387,941,1165,933,1166,159
PHOTO_20250521_170406.jpg,1,783,264,776,765,1297,790,1297,245
PHOTO_20250521_170415.jpg,1,617,184,603,830,1276,843,1292,185
PHOTO_20250521_170443.jpg,1,966,172,605,476,870,862,1274,596
PHOTO_20250521_170503.jpg,1,683,222,725,926,1407,892,1395,204
PHOTO_20250521_170509.jpg,1,561,175,546,879,1269,896,1273,174
PHOTO_20250521_170550.jpg,1,829,203,739,776,1342,851,1389,278
PHOTO_20250521_170605.jpg,1,553,194,534,878,1225,900,1241,213
PHOTO_20250521_170652.jpg,1,568,193,564,911,1305,906,1284,177
PHOTO_20250521_170739.jpg,1,487,179,494,986,1291,973,1288,184
PHOTO_20250521_170743.jpg,1,701,264,797,926,1491,923,1471,198
PHOTO_20250521_170823.jpg,1,421,257,409,943,1090,951,1110,279
PHOTO_20250521_170843.jpg,1,456,194,483,883,1169,881,1169,169
PHOTO_20250521_170939.jpg,1,700,286,725,792,1251,778,1207,210
PHOTO_20250521_171011.jpg,1,602,248,600,955,1319,949,1315,232
PHOTO_20250521_171030.jpg,1,622,237,641,969,1377,945,1361,214
PHOTO_20250521_171101.jpg,1,518,289,557,949,1229,908,1190,238
PHOTO_20250521_171102.jpg,1,765,164,687,637,1135,762,1250,259
PHOTO_20250521_171134.jpg,1,694,239,679,811,1265,816,1275,229
PHOTO_20250521_171136.jpg,1,664,237,654,787,1215,806,1237,248
PHOTO_20250521_171150.jpg,1,658,178,676,846,1338,822,1336,155
PHOTO_20250521_171223.jpg,1,425,215,411,957,1181,939,1167,216
PHOTO_20250521_171256.jpg,1,567,218,567,818,1182,811,1181,220
PHOTO_20250521_171332.jpg,1,523,236,564,885,1216,917,1204,193
PHOTO_20250521_171340.jpg,1,397,131,401,896,1180,882,1154,138
PHOTO_20250521_171346.jpg,1,532,172,543,951,1343,963,1360,136
PHOTO_20250521_171353.jpg,1,512,237,508,876,1148,886,1162,220
PHOTO_20250521_171443.jpg,1,453,137,436,862,1180,868,1176,154
PHOTO_20250521_171506.jpg,1,750,253,773,753,1288,759,1272,204
PHOTO_20250521_171523.jpg,1,469,210,445,951,1199,941,1198,215
PHOTO_20250521_171635.jpg,1,735,231,746,735,1244,780,1270,232
PHOTO_20250521_171658.jpg,1,479,218,485,895,1160,881,1154,245
PHOTO_20250521_171706.jpg,1,708,230,713,956,1471,963,1445,217
PHOTO_20250521_171736.jpg,1,709,263,644,811,1142,842,1170,367
PHOTO_20250521_171752.jpg,1,437,200,442,912,1145,893,1141,228
PHOTO_20250521_171802.jpg,1,797,273,803,917,1465,915,1445,249
PHOTO_20250521_171839.jpg,1,797,243,807,888,1467,913,1468,229
PHOTO_20250521_171848.jpg,1,462,208,515,928,1232,865,1200,175
PHOTO_20250521_171906.jpg,1,799,248,798,875,1426,884,1448,246
PHOTO_20250521_171941.jpg,1,774,210,762,848,1413,866,1431,195
PHOTO_20250521_172016.jpg,1,481,217,494,951,1197,892,1175,226
PHOTO_20250521_172040.jpg,1,693,199,715,741,1198,696,1174,226
PHOTO_20250521_172111.jpg,1,389,219,408,963,1125,901,1118,216
PHOTO_20250521_172132.jpg,1,597,202,567,866,1246,906,1270,226
PHOTO_20250521_172156.jpg,1,729,334,711,777,1143,868,1192,352
PHOTO_20250521_172215.jpg,1,722,193,704,918,1462,964,1501,178
PHOTO_20250521_172240.jpg,1,720,298,782,769,1261,744,1209,214
PHOTO_20250521_172302.jpg,1,743,229,726,849,1372,888,1389,219
PHOTO_20250521_172357.jpg,1,708,296,722,804,1227,831,1247,292
PHOTO_20250521_172408.jpg,1,777,221,775,869,1465,866,1437,181
PHOTO_20250521_172437.jpg,1,656,256,648,809,1219,811,1224,259
PHOTO_20250521_172444.jpg,1,552,167,537,951,1357,986,1360,143
PHOTO_20250521_172535.jpg,1,638,214,636,788,1212,790,1222,220
PHOTO_20250521_172544.jpg,1,583,179,632,905,1392,911,1345,113
PHOTO_20250521_172626.jpg,1,1008,113,699,450,984,790,1352,452
PHOTO_20250521_172729.jpg,1,956,152,497,354,679,822,1150,633
PHOTO_20250521_172834.jpg,1,829,201,824,922,1570,941,1576,186
PHOTO_20250521_172845.jpg,1,902,191,870,694,1314,714,1329,271
PHOTO_20250521_172951.jpg,1,516,238,554,965,1271,965,1296,222
PHOTO_20250521_173013.jpg,1,728,216,724,922,1430,913,1441,202
PHOTO_20250521_173034.jpg,1,558,234,584,804,1167,755,1136,192
PHOTO_20250521_173043.jpg,1,959,166,598,312,683,709,1069,615
PHOTO_20250521_173144.jpg,1,583,197,591,983,1407,990,1403,134
PHOTO_20250521_173219.jpg,1,884,295,735,691,1098,906,1303,464
PHOTO_20250521_173226.jpg,1,562,78,576,996,1490,1006,1516,71
PHOTO_20250521_173303.jpg,1,493,248,529,1029,1356,1043,1282,163
PHOTO_20250521_173354.jpg,1,793,236,798,855,1485,869,1440,195
PHOTO_20250521_173432.jpg,1,463,98,509,928,1325,941,1284,91
PHOTO_20250521_173455.jpg,1,571,365,667,887,1210,780,1083,237
PHOTO_20250521_173509.jpg,1,813,213,811,917,1555,931,1545,168
PHOTO_20250521_173544.jpg,1,408,263,467,832,1008,760,977,244
PHOTO_20250521_173603.jpg,1,531,214,521,919,1235,921,1242,219
PHOTO_20250521_173734.jpg,1,429,163,438,928,1218,929,1204,153
PHOTO_20250521_173744.jpg,1,630,203,647,916,1360,921,1350,198
PHOTO_20250521_173756.jpg,1,660,138,660,838,1405,876,1388,121
PHOTO_20250521_173952.jpg,1,697,246,723,796,1260,806,1253,240
PHOTO_20250521_174001.jpg,1,539,142,542,926,1329,941,1341,134
PHOTO_20250521_174004.jpg,1,919,159,886,657,1318,669,1360,216
PHOTO_20250521_174039.jpg,1,759,266,762,840,1325,841,1324,268
PHOTO_20250521_174113.jpg,1,714,209,718,912,1441,922,1436,185
PHOTO_20250521_174124.jpg,1,710,285,709,818,1261,821,1259,275
PHOTO_20250521_174138.jpg,0,0,0,0,0,0,0,0,0
PHOTO_20250521_174206.jpg,1,686,234,686,850,1294,843,1297,252
PHOTO_20250521_174219.jpg,1,620,175,622,930,1371,937,1379,184
PHOTO_20250521_174251.jpg,1,693,248,691,809,1260,823,1273,259
PHOTO_20250521_174325.jpg,1,750,239,744,868,1377,889,1397,239
PHOTO_20250521_174356.jpg,1,1042,297,633,462,770,905,1217,770
PHOTO_20250521_174520.jpg,1,621,232,577,856,1296,851,1260,245
PHOTO_20250521_174600.jpg,1,606,225,620,794,1172,791,1173,227
PHOTO_20250521_174617.jpg,1,585,195,589,915,1325,930,1315,167
PHOTO_20250521_174743.jpg,1,613,218,633,931,1354,941,1342,194
PHOTO_20250521_174806.jpg,1,665,259,679,830,1228,827,1238,255
PHOTO_20250521_174907.jpg,1,734,215,546,665,967,893,1212,431
PHOTO_20250521_174953.jpg,1,616,223,639,898,1311,886,1303,200
PHOTO_20250521_175030.jpg,1,694,310,699,845,1250,849,1249,301
PHOTO_20250521_175133.jpg,1,841,247,859,886,1543,913,1512,191
PHOTO_20250521_175136.jpg,1,1354,183,950,375,1179,808,1554,598
PHOTO_20250521_175645.jpg,1,531,247,550,859,1161,841,1154,250
PHOTO_20250521_175721.jpg,1,470,173,478,928,1240,918,1229,178
PHOTO_20250521_175922.jpg,1,851,29,390,523,792,977,1323,574
PHOTO_20250521_180044.jpg,1,504,209,496,873,1147,855,1141,207
PHOTO_20250521_180201.jpg,1,592,234,600,858,1212,839,1198,220
PHOTO_20250521_180406.jpg,1,649,220,653,805,1224,812,1234,218
PHOTO_20250521_180454.jpg,1,703,216,687,774,1233,801,1265,226
PHOTO_20250521_180528.jpg,0,0,0,0,0,0,0,0,0
PHOTO_20250521_180544.jpg,1,662,286,667,852,1242,848,1235,290
PHOTO_20250521_181049.jpg,1,748,282,776,837,1346,831,1318,234
PHOTO_20250521_181132.jpg,1,637,282,661,896,1269,888,1252,275
PHOTO_20250521_181408.jpg,0,0,0,0,0,0,0,0,0
PHOTO_20250521_181542.jpg,1,697,278,706,861,1305,863,1307,266
PHOTO_20250521_181614.jpg,1,748,261,740,784,1276,794,1285,268
PHOTO_20250521_181650.jpg,1,668,247,675,798,1210,797,1214,250
PHOTO_20250521_181727.jpg,0,0,0,0,0,0,0,0,0
PHOTO_20250521_181729.jpg,1,572,260,550,877,1164,892,1185,280
PHOTO_20250521_181730.jpg,1,730,246,713,803,1255,804,1272,249
PHOTO_20250521_181742.jpg,1,693,303,710,852,1192,804,1181,326
PHOTO_20250521_181807.jpg,1,640,222,637,797,1195,796,1210,218
PHOTO_20250521_181936.jpg,1,1181,163,623,392,825,962,1414,745
PHOTO_20250521_182004.jpg,0,0,0,0,0,0,0,0,0
PHOTO_20250521_182154.jpg,1,509,224,481,886,1148,898,1161,242
PHOTO_20250521_182255.jpg,1,583,185,589,717,1115,737,1120,166
PHOTO_20250521_182315.jpg,1,633,195,636,916,1383,891,1324,191
PHOTO_20250521_182417.jpg,1,813,229,579,671,1014,931,1272,459
PHOTO_20250521_182433.jpg,1,723,202,754,857,1362,802,1337,196
PHOTO_20250521_182453.jpg,1,727,302,701,784,1176,845,1218,324
PHOTO_20250521_182525.jpg,1,735,289,592,759,1062,922,1222,428
PHOTO_20250521_182600.jpg,1,920,252,614,624,982,958,1320,576
PHOTO_20250521_182658.jpg,1,549,229,582,933,1281,934,1275,208
PHOTO_20250521_182743.jpg,1,756,260,704,742,1190,804,1255,276
PHOTO_20250521_183204.jpg,1,632,326,734,769,1171,700,1064,204
PHOTO_20250521_183239.jpg,1,685,436,822,859,1258,769,1102,281
PHOTO_20250521_183306.jpg,1,650,287,654,808,1181,816,1182,295
PHOTO_20250521_183324.jpg,1,883,261,569,621,910,951,1266,602
PHOTO_20250521_183350.jpg,1,662,330,770,760,1209,679,1081,197
PHOTO_20250521_183414.jpg,1,556,237,573,853,1195,837,1176,241
PHOTO_20250521_183418.jpg,1,656,323,706,764,1145,743,1081,235
PHOTO_20250521_183504.jpg,1,607,221,597,876,1230,875,1237,237
PHOTO_20250521_183551.jpg,1,686,232,671,810,1235,822,1245,248
PHOTO_20250521_183614.jpg,1,563,111,537,910,1306,910,1331,148
PHOTO_20250521_183636.jpg,0,0,0,0,0,0,0,0,0
PHOTO_20250521_183818.jpg,1,586,198,621,925,1352,914,1329,180
PHOTO_20250521_183845.jpg,1,708,267,712,809,1236,797,1232,264
PHOTO_20250521_183855.jpg,1,723,235,739,898,1410,875,1373,203
PHOTO_20250521_183930.jpg,1,682,281,681,820,1214,829,1210,286
PHOTO_20250521_184018.jpg,0,0,0,0,0,0,0,0,0
PHOTO_20250521_184124.jpg,1,640,225,635,765,1180,779,1203,225
PHOTO_20250521_184132.jpg,1,724,208,762,869,1381,817,1374,182
PHOTO_20250521_184229.jpg,1,774,305,787,905,1401,902,1381,281
PHOTO_20250521_184327.jpg,1,664,159,669,919,1435,913,1434,127
PHOTO_20250521_184339.jpg,1,649,181,652,818,1301,862,1308,164
PHOTO_20250521_184348.jpg,1,793,252,747,727,1233,795,1271,254
PHOTO_20250521_184358.jpg,1,702,227,705,845,1344,856,1339,230
PHOTO_20250521_184420.jpg,1,653,259,668,926,1346,939,1337,241
PHOTO_20250521_184452.jpg,1,622,252,641,849,1239,885,1253,255
PHOTO_20250521_184507.jpg,1,470,179,471,906,1215,896,1217,170
PHOTO_20250521_184528.jpg,1,699,255,736,846,1348,847,1313,203
PHOTO_20250521_184556.jpg,1,629,271,627,811,1173,807,1178,274
PHOTO_20250521_184559.jpg,1,724,296,750,903,1412,873,1332,207
PHOTO_20250521_184636.jpg,1,476,206,486,1048,1376,1048,1355,197
PHOTO_20250521_184652.jpg,1,816,267,838,844,1400,824,1385,248
PHOTO_20250521_184737.jpg,1,688,274,693,835,1248,829,1234,265
PHOTO_20250521_184804.jpg,1,387,211,432,859,1069,855,1032,151
PHOTO_20250521_184828.jpg,1,803,291,811,783,1323,783,1313,273
PHOTO_20250521_184944.jpg,1,634,292,647,857,1228,853,1214,276
PHOTO_20250521_184955.jpg,1,551,242,564,865,1188,897,1192,228
PHOTO_20250521_185051.jpg,1,737,288,729,817,1278,819,1282,283
PHOTO_20250521_185056.jpg,1,648,224,692,866,1349,863,1317,178
PHOTO_20250521_185136.jpg,1,602,217,620,911,1316,936,1323,204
PHOTO_20250521_185140.jpg,1,660,279,676,818,1235,814,1219,263
PHOTO_20250521_185206.jpg,1,795,218,748,825,1372,862,1400,242
PHOTO_20250521_185227.jpg,1,540,250,597,967,1335,909,1269,166
PHOTO_20250521_185304.jpg,1,576,286,581,944,1246,931,1238,273
PHOTO_20250521_185327.jpg,1,616,201,628,913,1353,958,1361,180
PHOTO_20250521_185333.jpg,1,520,156,565,916,1287,859,1263,144
PHOTO_20250521_185412.jpg,1,589,181,627,924,1391,932,1325,191
PHOTO_20250521_185452.jpg,1,527,150,553,968,1379,948,1318,156
PHOTO_20250521_185521.jpg,1,1048,265,672,458,826,870,1259,709
PHOTO_20250521_185536.jpg,1,910,265,915,855,1568,864,1531,203
PHOTO_20250521_185620.jpg,1,498,212,525,966,1256,904,1205,209
PHOTO_20250521_185859.jpg,1,783,277,787,830,1357,859,1357,255
PHOTO_20250521_185955.jpg,1,1088,177,712,447,921,861,1341,610
PHOTO_20250521_190254.jpg,1,413,222,466,967,1191,924,1170,187
PHOTO_20250521_190410.jpg,1,404,142,395,849,1093,831,1094,159
PHOTO_20250521_191241.jpg,1,523,252,544,935,1231,925,1220,239
PHOTO_20250521_191305.jpg,1,655,279,676,879,1291,879,1272,256
PHOTO_20250521_191329.jpg,1,584,305,634,881,1218,839,1168,247
PHOTO_20250521_191354.jpg,1,576,229,630,836,1239,836,1223,193
PHOTO_20250521_191501.jpg,1,826,182,749,795,1350,886,1456,271
PHOTO_20250521_191653.jpg,0,0,0,0,0,0,0,0,0
PHOTO_20250522_074506.jpg,1,643,271,654,827,1225,838,1210,256
PHOTO_20250522_074549.jpg,1,684,282,697,831,1261,827,1242,258
PHOTO_20250522_074724.jpg,1,349,100,366,1007,1278,1008,1260,79
PHOTO_20250522_074841.jpg,1,637,127,613,921,1438,949,1439,116
PHOTO_20250522_074914.jpg,1,525,165,537,929,1304,929,1289,146
PHOTO_20250522_075109.jpg,1,530,201,536,926,1256,956,1272,205
PHOTO_20250522_075255.jpg,1,538,161,512,936,1302,937,1299,154
PHOTO_20250522_075323.jpg,1,631,178,632,929,1397,927,1391,156
PHOTO_20250522_075333.jpg,1,536,215,533,907,1227,908,1221,219
PHOTO_20250522_075400.jpg,1,729,166,696,918,1470,956,1495,174
PHOTO_20250522_075441.jpg,1,642,293,646,900,1261,916,1253,298
PHOTO_20250522_075544.jpg,1,657,254,654,979,1406,981,1386,230
PHOTO_20250522_075557.jpg,1,685,254,690,835,1279,847,1270,246
PHOTO_20250522_075615.jpg,1,630,128,600,942,1423,945,1424,137
PHOTO_20250522_075635.jpg,1,684,267,676,867,1279,857,1279,262
PHOTO_20250522_075704.jpg,1,521,161,509,936,1287,935,1288,162
PHOTO_20250522_075739.jpg,1,633,246,592,935,1297,962,1326,248
PHOTO_20250522_075805.jpg,1,643,229,636,962,1374,960,1365,230
PHOTO_20250522_075815.jpg,1,625,262,605,952,1313,983,1327,246
PHOTO_20250522_075822.jpg,1,715,235,705,784,1211,764,1203,275
PHOTO_20250522_075844.jpg,1,607,250,617,848,1217,845,1210,238
PHOTO_20250522_075909.jpg,1,688,275,673,769,1163,826,1208,291
PHOTO_20250522_075912.jpg,1,650,126,639,941,1465,926,1465,105
PHOTO_20250522_075955.jpg,1,355,139,359,958,1168,945,1159,162
PHOTO_20250522_075957.jpg,1,555,187,539,968,1329,972,1332,179
PHOTO_20250522_080024.jpg,1,968,185,708,557,1017,879,1367,501
PHOTO_20250522_080035.jpg,1,470,166,480,920,1229,916,1220,173
PHOTO_20250522_080056.jpg,1,485,245,488,904,1153,920,1159,227
PHOTO_20250522_080119.jpg,1,585,275,606,896,1236,889,1204,261
PHOTO_20250522_080200.jpg,1,471,162,473,962,1252,966,1238,151
PHOTO_20250522_080206.jpg,1,809,181,577,601,935,904,1248,482
PHOTO_20250522_080217.jpg,1,556,218,564,948,1298,948,1286,220
PHOTO_20250522_080218.jpg,1,534,216,536,962,1296,957,1299,201
PHOTO_20250522_080310.jpg,1,587,197,625,943,1354,924,1314,147
PHOTO_20250522_080319.jpg,1,524,204,531,859,1193,877,1210,203
PHOTO_20250522_080347.jpg,1,801,182,540,526,842,839,1153,484
PHOTO_20250522_080357.jpg,1,673,212,662,933,1400,961,1417,215
PHOTO_20250522_080435.jpg,1,698,194,704,880,1422,880,1409,167
PHOTO_20250522_080437.jpg,1,1049,102,687,464,967,879,1411,537
PHOTO_20250522_080443.jpg,1,531,75,541,930,1383,927,1377,96
PHOTO_20250522_080512.jpg,1,599,182,620,960,1416,986,1425,181
PHOTO_20250522_080523.jpg,1,450,313,573,871,1058,721,962,246
PHOTO_20250522_080548.jpg,1,625,220,710,958,1458,879,1356,134
PHOTO_20250522_080640.jpg,1,666,285,593,782,1056,937,1159,346
PHOTO_20250522_080759.jpg,1,615,161,472,796,1079,1003,1278,307
PHOTO_20250522_080907.jpg,1,666,216,655,881,1311,919,1333,216
PHOTO_20250522_080948.jpg,1,672,168,680,955,1470,951,1440,146
PHOTO_20250522_081018.jpg,1,608,210,631,921,1376,926,1353,166
PHOTO_20250522_081048.jpg,1,455,169,496,918,1225,934,1200,116
PHOTO_20250522_081055.jpg,1,790,125,751,866,1524,933,1583,117
PHOTO_20250522_081126.jpg,1,571,148,628,887,1352,945,1344,109
PHOTO_20250522_081148.jpg,1,675,197,697,977,1520,937,1459,117
PHOTO_20250522_081408.jpg,1,527,118,505,882,1277,923,1312,112
PHOTO_20250522_081519.jpg,1,682,141,569,833,1274,984,1408,223
PHOTO_20250522_081523.jpg,1,614,248,616,947,1344,968,1340,240
PHOTO_20250522_081555.jpg,1,688,215,609,794,1172,928,1286,276
PHOTO_20250522_081700.jpg,1,721,336,756,1005,1489,944,1388,236
PHOTO_20250522_081859.jpg,1,539,157,532,822,1189,867,1211,113
PHOTO_20250522_081950.jpg,1,586,237,622,990,1387,1010,1353,155
PHOTO_20250522_082036.jpg,1,550,109,549,964,1432,928,1378,70
PHOTO_20250522_082119.jpg,1,521,235,522,935,1247,978,1267,223
PHOTO_20250522_082128.jpg,1,794,71,510,637,1068,966,1398,369
PHOTO_20250522_082207.jpg,1,709,51,521,766,1251,1015,1481,235
PHOTO_20250522_082232.jpg,1,542,273,593,918,1235,867,1163,200
PHOTO_20250522_082259.jpg,1,544,243,532,876,1179,891,1177,230
PHOTO_20250522_082304.jpg,1,571,267,612,902,1264,868,1194,163
PHOTO_20250522_082433.jpg,1,522,235,524,887,1189,876,1175,212
PHOTO_20250522_082505.jpg,1,692,212,571,766,1124,928,1276,331
PHOTO_20250522_082519.jpg,1,589,244,605,914,1313,905,1293,196
PHOTO_20250522_082534.jpg,1,594,223,604,897,1284,920,1293,209
PHOTO_20250522_082611.jpg,1,728,181,741,916,1519,909,1504,132
PHOTO_20250522_082635.jpg,1,576,135,595,839,1293,865,1312,131
PHOTO_20250522_082655.jpg,1,528,206,530,888,1216,892,1216,195
PHOTO_20250522_082712.jpg,1,487,138,503,953,1351,929,1322,111
PHOTO_20250522_082801.jpg,1,692,249,672,827,1254,876,1287,253
PHOTO_20250522_082811.jpg,1,646,171,631,859,1352,916,1360,164
PHOTO_20250522_082830.jpg,1,548,159,551,939,1372,940,1357,124
PHOTO_20250522_082859.jpg,1,479,113,468,946,1304,970,1338,124
PHOTO_20250522_082907.jpg,1,423,250,421,915,1082,928,1081,238
PHOTO_20250522_082911.jpg,1,464,198,481,916,1211,919,1226,172
PHOTO_20250522_083015.jpg,1,667,179,638,836,1289,895,1352,219
PHOTO_20250522_083022.jpg,1,696,250,766,860,1408,854,1354,168
PHOTO_20250522_083036.jpg,1,551,248,553,869,1177,867,1160,249
PHOTO_20250522_083102.jpg,1,660,214,702,908,1412,874,1366,156
PHOTO_20250522_083115.jpg,1,611,135,631,909,1395,916,1391,104
PHOTO_20250522_083155.jpg,1,606,251,624,867,1234,886,1222,277
PHOTO_20250522_083222.jpg,1,928,81,504,498,877,950,1351,561
PHOTO_20250522_083241.jpg,1,621,213,631,855,1266,871,1273,176
PHOTO_20250522_083254.jpg,1,445,168,442,965,1237,920,1239,120
PHOTO_20250522_083319.jpg,1,981,92,511,552,938,1043,1461,589
PHOTO_20250522_083407.jpg,1,675,241,690,901,1355,885,1341,215
PHOTO_20250522_083443.jpg,1,660,265,661,836,1240,853,1228,281
PHOTO_20250522_083537.jpg,1,649,264,654,961,1349,982,1350,231
PHOTO_20250522_083540.jpg,1,774,299,777,841,1332,852,1328,277
PHOTO_20250522_083631.jpg,1,686,170,685,886,1420,897,1418,162
PHOTO_20250522_083634.jpg,1,644,222,651,863,1286,889,1296,198
PHOTO_20250522_083657.jpg,1,668,265,674,873,1306,886,1291,227
PHOTO_20250522_083712.jpg,1,659,265,668,884,1272,918,1293,257
PHOTO_20250522_083802.jpg,1,607,213,623,891,1286,913,1309,190
PHOTO_20250522_083841.jpg,1,635,190,637,843,1290,877,1321,183
PHOTO_20250522_083843.jpg,1,633,186,642,908,1347,909,1356,175
PHOTO_20250522_083913.jpg,1,1083,14,323,312,547,1048,1385,802
PHOTO_20250522_084007.jpg,0,0,0,0,0,0,0,0,0
PHOTO_20250522_084024.jpg,1,712,214,669,822,1283,910,1357,243
PHOTO_20250522_084037.jpg,1,587,179,601,915,1350,926,1378,177
PHOTO_20250522_084240.jpg,1,666,264,667,889,1315,907,1333,251
PHOTO_20250522_084317.jpg,1,698,288,693,917,1340,906,1310,282
PHOTO_20250522_084324.jpg,0,0,0,0,0,0,0,0,0
PHOTO_20250522_084331.jpg,1,620,268,717,887,1366,800,1253,123
PHOTO_20250522_084351.jpg,1,600,172,611,940,1392,938,1411,157
PHOTO_20250522_084432.jpg,1,911,96,445,492,783,995,1298,611
PHOTO_20250522_084454.jpg,1,620,311,647,947,1305,921,1246,267
PHOTO_20250522_084523.jpg,1,746,258,753,778,1273,801,1286,219
PHOTO_20250522_084637.jpg,1,674,208,655,926,1409,1009,1440,204
PHOTO_20250522_084658.jpg,1,594,134,598,922,1374,942,1386,118
PHOTO_20250522_084701.jpg,1,970,218,616,548,909,949,1328,620
PHOTO_20250522_084922.jpg,1,634,195,666,911,1373,930,1370,157
PHOTO_20250522_085051.jpg,1,762,18,465,622,1009,987,1416,374
PHOTO_20250522_085105.jpg,0,0,0,0,0,0,0,0,0
PHOTO_20250522_085142.jpg,1,619,233,670,854,1318,865,1282,129
PHOTO_20250522_085221.jpg,0,0,0,0,0,0,0,0,0
PHOTO_20250522_085222.jpg,1,534,104,536,954,1411,923,1377,103
PHOTO_20250522_085225.jpg,1,717,147,711,940,1442,879,1408,192
PHOTO_20250522_085323.jpg,1,537,147,515,993,1370,1048,1432,91
PHOTO_20250522_085325.jpg,0,0,0,0,0,0,0,0,0
PHOTO_20250522_085339.jpg,1,447,124,451,810,1122,887,1179,125
PHOTO_20250522_085340.jpg,1,576,90,568,925,1394,961,1418,79
PHOTO_20250522_085424.jpg,1,399,236,425,884,1059,897,1048,174
PHOTO_20250522_085638.jpg,1,709,197,714,896,1402,928,1420,179
PHOTO_20250522_085647.jpg,1,688,216,654,773,1208,867,1277,235
PHOTO_20250522_085740.jpg,1,728,326,666,852,1190,961,1278,367
PHOTO_20250522_085835.jpg,1,644,151,655,855,1349,917,1381,134
PHOTO_20250522_085851.jpg,1,482,384,643,1000,1295,862,1087,165
PHOTO_20250522_085858.jpg,1,573,261,550,878,1197,888,1196,238
PHOTO_20250522_085959.jpg,1,631,189,600,985,1458,1046,1435,161
PHOTO_20250522_090009.jpg,1,725,116,755,914,1549,945,1576,79
PHOTO_20250522_090036.jpg,1,539,190,560,975,1412,974,1325,115
PHOTO_20250522_090105.jpg,1,539,398,713,905,1238,706,1016,173
PHOTO_20250522_090131.jpg,1,592,230,573,870,1227,923,1239,177
PHOTO_20250522_090146.jpg,1,446,110,451,945,1329,942,1310,81
PHOTO_20250522_090220.jpg,1,556,158,620,860,1333,832,1276,106
PHOTO_20250522_090256.jpg,1,606,249,591,910,1270,892,1253,232
PHOTO_20250522_090332.jpg,1,579,210,603,822,1232,805,1211,145
PHOTO_20250522_090413.jpg,1,553,207,563,956,1336,986,1330,199
PHOTO_20250522_090946.jpg,1,636,191,618,944,1378,948,1371,213
PHOTO_20250522_091011.jpg,1,578,247,578,916,1275,925,1254,230
PHOTO_20250522_091039.jpg,1,476,167,448,857,1143,902,1176,193
PHOTO_20250522_091107.jpg,1,666,200,659,889,1358,917,1374,199
PHOTO_20250522_091135.jpg,1,670,179,654,956,1465,956,1419,197
PHOTO_20250522_091221.jpg,1,622,209,624,856,1274,878,1279,211
PHOTO_20250522_091225.jpg,1,654,221,651,853,1278,873,1302,224
PHOTO_20250522_091249.jpg,1,506,184,512,868,1201,901,1205,181
PHOTO_20250522_091312.jpg,1,507,199,520,879,1204,875,1187,194
PHOTO_20250522_091332.jpg,1,625,209,605,919,1331,956,1344,225
PHOTO_20250522_091423.jpg,1,876,15,513,745,1184,1048,1578,404
PHOTO_20250522_091436.jpg,1,506,198,499,952,1243,929,1248,191
PHOTO_20250522_091530.jpg,1,754,114,485,783,1144,1048,1414,388
PHOTO_20250522_091558.jpg,1,1010,45,576,486,994,920,1446,494
PHOTO_20250522_091607.jpg,1,585,240,577,877,1209,892,1241,242
PHOTO_20250522_091620.jpg,1,581,232,572,885,1240,894,1249,214
PHOTO_20250522_091648.jpg,1,823,167,632,843,1314,1040,1535,346
PHOTO_20250522_091733.jpg,1,997,135,521,505,879,1003,1391,620
PHOTO_20250522_091751.jpg,1,540,248,539,875,1174,913,1192,248
PHOTO_20250522_091814.jpg,1,499,201,476,889,1182,929,1201,208
PHOTO_20250522_091835.jpg,1,620,224,630,882,1296,908,1306,213
PHOTO_20250522_091906.jpg,1,441,387,726,998,1354,700,1045,83
PHOTO_20250522_091958.jpg,1,506,237,478,877,1118,926,1152,261
PHOTO_20250522_092023.jpg,1,582,55,526,774,1229,871,1332,127
PHOTO_20250522_092046.jpg,1,722,210,715,843,1368,866,1379,201
PHOTO_20250522_092129.jpg,1,672,212,659,872,1331,909,1356,218
PHOTO_20250522_092152.jpg,1,554,221,550,905,1241,919,1243,206
PHOTO_20250522_092204.jpg,1,665,232,747,872,1402,778,1292,148
PHOTO_20250522_092300.jpg,1,590,270,628,884,1270,841,1200,202
PHOTO_20250522_092323.jpg,1,555,326,583,928,1222,868,1149,250
PHOTO_20250522_094725.jpg,0,0,0,0,0,0,0,0,0
PHOTO_20250522_094807.jpg,0,0,0,0,0,0,0,0,0
PHOTO_20250522_094845.jpg,0,0,0,0,0,0,0,0,0
PHOTO_20250522_094909.jpg,0,0,0,0,0,0,0,0,0
PHOTO_20250522_163622.jpg,1,577,149,562,837,1268,860,1284,132
PHOTO_20250522_163637.jpg,1,596,246,632,853,1254,841,1209,183
PHOTO_20250522_163718.jpg,1,580,267,579,921,1253,894,1235,229
PHOTO_20250522_163736.jpg,1,677,216,677,867,1334,926,1361,215
PHOTO_20250522_163749.jpg,1,554,230,557,901,1249,907,1232,209
PHOTO_20250522_163833.jpg,1,455,195,434,870,1127,864,1125,199
PHOTO_20250522_163920.jpg,1,496,218,485,907,1188,924,1183,218
PHOTO_20250522_163938.jpg,1,679,204,691,907,1437,920,1398,144
PHOTO_20250522_164002.jpg,1,582,257,558,955,1275,957,1288,244
PHOTO_20250522_164020.jpg,1,693,196,676,873,1369,933,1394,180
PHOTO_20250522_164031.jpg,1,570,199,549,949,1305,953,1330,201
PHOTO_20250522_164131.jpg,1,536,271,511,914,1181,924,1183,244
PHOTO_20250522_164239.jpg,1,616,218,619,853,1262,872,1257,216
PHOTO_20250522_164242.jpg,1,625,157,635,919,1413,978,1429,143
PHOTO_20250522_164329.jpg,1,529,178,521,884,1240,886,1232,163
PHOTO_20250522_164343.jpg,0,0,0,0,0,0,0,0,0
PHOTO_20250522_164443.jpg,1,694,200,724,866,1416,867,1387,139
PHOTO_20250522_164718.jpg,1,801,227,793,828,1407,869,1434,202
PHOTO_20250522_164758.jpg,1,767,211,393,514,675,909,1080,622
PHOTO_20250522_164804.jpg,1,674,174,686,808,1318,870,1340,176
PHOTO_20250522_164816.jpg,1,562,321,560,856,1083,856,1089,316
PHOTO_20250522_164843.jpg,1,730,226,731,829,1355,833,1345,183
PHOTO_20250522_164914.jpg,1,642,314,643,799,1126,824,1135,291
PHOTO_20250522_164931.jpg,1,725,180,751,895,1500,889,1448,136
PHOTO_20250522_164939.jpg,1,652,351,659,871,1202,866,1189,336
PHOTO_20250522_165042.jpg,1,594,353,587,905,1143,893,1116,321
PHOTO_20250522_165046.jpg,1,746,232,751,829,1354,848,1364,192
PHOTO_20250522_165117.jpg,1,780,322,793,837,1334,841,1324,303
PHOTO_20250522_165124.jpg,1,777,216,761,840,1396,885,1438,201
PHOTO_20250522_165131.jpg,1,680,316,606,776,1060,914,1160,400
PHOTO_20250522_165155.jpg,1,610,290,590,829,1145,845,1157,304
PHOTO_20250522_165241.jpg,1,843,207,614,631,991,922,1278,470
PHOTO_20250522_165252.jpg,1,598,147,616,915,1391,889,1373,88
PHOTO_20250522_165326.jpg,1,725,233,728,890,1404,880,1390,187
PHOTO_20250522_165330.jpg,1,686,307,688,845,1209,846,1210,299
PHOTO_20250522_165405.jpg,1,622,384,642,860,1133,869,1094,341
PHOTO_20250522_165411.jpg,1,637,107,669,895,1459,952,1472,69
PHOTO_20250522_165448.jpg,1,847,207,919,771,1441,698,1367,182
PHOTO_20250522_165529.jpg,1,530,233,522,897,1161,907,1184,240
PHOTO_20250522_165535.jpg,1,677,308,762,769,1249,683,1139,154
PHOTO_20250522_165542.jpg,1,750,227,794,863,1455,838,1409,129
PHOTO_20250522_165613.jpg,1,836,283,611,711,1022,965,1293,531
PHOTO_20250522_165614.jpg,1,660,259,670,853,1238,839,1238,248
PHOTO_20250522_165704.jpg,1,901,183,725,627,1130,868,1384,389
PHOTO_20250522_165718.jpg,1,798,242,797,841,1423,841,1413,201
PHOTO_20250522_165729.jpg,1,624,261,636,866,1215,867,1226,259
PHOTO_20250522_165738.jpg,1,899,196,767,723,1280,832,1400,325
PHOTO_20250522_165800.jpg,1,570,239,554,861,1199,856,1200,209
PHOTO_20250522_165807.jpg,1,742,233,747,870,1397,890,1418,207
PHOTO_20250522_165821.jpg,1,750,334,755,877,1294,882,1288,312
PHOTO_20250522_165855.jpg,1,520,293,536,911,1156,907,1150,274
PHOTO_20250522_165900.jpg,1,647,252,638,851,1210,847,1223,264
PHOTO_20250522_165905.jpg,1,683,158,669,813,1329,870,1352,167
PHOTO_20250522_165910.jpg,1,774,126,563,739,1159,971,1419,349
PHOTO_20250522_165941.jpg,1,520,252,496,880,1134,885,1139,258
PHOTO_20250522_165946.jpg,1,720,154,617,699,1138,864,1300,267
PHOTO_20250522_165952.jpg,1,605,273,594,891,1185,908,1209,289
PHOTO_20250522_165954.jpg,1,725,138,746,808,1443,834,1416,91
PHOTO_20250522_170033.jpg,1,603,216,603,868,1263,852,1244,224
PHOTO_20250522_170035.jpg,1,639,316,636,893,1195,890,1202,309
PHOTO_20250522_170116.jpg,1,669,194,673,884,1401,852,1355,139
PHOTO_20250522_170128.jpg,1,641,312,630,878,1173,882,1191,324
PHOTO_20250522_170202.jpg,1,578,242,642,865,1299,818,1204,138
PHOTO_20250522_170221.jpg,1,575,283,578,895,1165,890,1171,285
PHOTO_20250522_170235.jpg,1,797,192,822,830,1485,837,1457,147
PHOTO_20250522_170240.jpg,1,531,317,560,959,1206,927,1175,285
PHOTO_20250522_170318.jpg,1,620,221,621,827,1205,829,1228,213
PHOTO_20250522_170412.jpg,1,848,176,850,838,1563,877,1541,130
PHOTO_20250522_170421.jpg,1,730,311,726,872,1273,894,1293,308
PHOTO_20250522_170457.jpg,1,578,222,574,855,1207,867,1211,235
PHOTO_20250522_170518.jpg,1,685,317,690,909,1270,899,1266,295
PHOTO_20250522_170526.jpg,1,750,250,743,820,1339,818,1332,236
PHOTO_20250522_170555.jpg,1,537,214,533,860,1182,871,1199,243
PHOTO_20250522_170603.jpg,1,833,184,815,854,1508,932,1567,168
PHOTO_20250522_170633.jpg,1,719,246,713,861,1301,866,1318,259
PHOTO_20250522_170655.jpg,1,645,225,683,886,1344,870,1309,204
PHOTO_20250522_170702.jpg,1,755,183,760,813,1411,817,1409,127
PHOTO_20250522_170736.jpg,1,456,230,480,928,1156,905,1131,200
PHOTO_20250522_170819.jpg,1,480,161,468,883,1159,890,1181,185
PHOTO_20250522_170821.jpg,1,769,189,767,876,1475,899,1489,153
PHOTO_20250522_170910.jpg,1,584,216,588,871,1229,883,1233,198
PHOTO_20250627_113621.jpg,0,0,0,0,0,0,0,0,0
PHOTO_20250627_123220.jpg,1,876,333,873,670,1228,708,1238,314
PHOTO_20250627_123436.jpg,1,443,445,828,896,1333,557,936,97
PHOTO_20250627_123809.jpg,1,554,195,550,794,1133,807,1141,225
PHOTO_20250627_123917.jpg,1,430,333,432,870,970,873,967,347
PHOTO_20250627_124053.jpg,1,567,334,480,837,987,909,1077,393
PHOTO_20250627_124358.jpg,1,581,355,600,801,1031,762,1032,310
PHOTO_20250627_124449.jpg,1,508,337,512,842,1029,846,999,328
PHOTO_20250627_124530.jpg,1,393,277,404,824,963,815,939,270
PHOTO_20250524_194226.jpg,1,849,97,463,647,998,1048,1400,504
PHOTO_20250524_194550.jpg,1,816,130,531,667,1075,971,1385,414
PHOTO_20250524_194558.jpg,0,0,0,0,0,0,0,0,0
PHOTO_20250524_194637.jpg,0,0,0,0,0,0,0,0,0
PHOTO_20250524_195143.jpg,1,476,198,455,934,1209,960,1230,208
PHOTO_20250524_195306.jpg,1,396,201,412,962,1188,940,1162,171
PHOTO_20250524_195358.jpg,1,376,145,414,961,1224,953,1224,134
PHOTO_20250524_195515.jpg,1,732,293,872,810,1410,719,1277,152
PHOTO_20250524_195544.jpg,1,574,153,541,967,1393,1047,1424,147
PHOTO_20250524_200721.jpg,1,775,298,754,863,1353,879,1352,269
PHOTO_20250524_201104.jpg,1,775,167,529,629,950,932,1242,438
PHOTO_20250524_201341.jpg,1,851,197,634,635,1033,918,1294,448
PHOTO_20250524_201529.jpg,1,755,284,766,849,1364,843,1322,213
PHOTO_20250524_204309.jpg,1,397,101,394,950,1244,974,1273,115
PHOTO_20250524_204402.jpg,0,0,0,0,0,0,0,0,0
PHOTO_20250524_205240.jpg,1,607,74,531,709,1156,805,1257,156
PHOTO_20250524_205817.jpg,0,0,0,0,0,0,0,0,0
PHOTO_20250524_210259.jpg,1,502,92,501,979,1408,1048,1447,25
PHOTO_20250524_210346.jpg,1,619,253,610,826,1185,842,1172,203
PHOTO_20250524_210520.jpg,1,588,199,618,887,1322,917,1307,165
PHOTO_20250524_211237.jpg,1,986,59,548,520,999,975,1469,495
PHOTO_20250524_211851.jpg,1,1018,4,468,485,953,1048,1530,554
PHOTO_20250524_213853.jpg,1,657,217,579,853,1182,910,1281,310
PHOTO_20250524_215331.jpg,1,997,103,887,582,1333,769,1518,201
PHOTO_20250524_220728.jpg,0,0,0,0,0,0,0,0,0
PHOTO_20250525_082037.jpg,1,796,261,631,676,978,934,1188,474
PHOTO_20250525_083415.jpg,1,679,56,688,832,1428,804,1440,63
PHOTO_20250525_084349.jpg,1,690,191,499,630,918,842,1136,413
PHOTO_20250525_084728.jpg,1,850,267,776,687,1352,775,1450,310
PHOTO_20250525_085510.jpg,1,599,295,594,925,1215,900,1210,298
PHOTO_20250525_094834.jpg,0,0,0,0,0,0,0,0,0
PHOTO_20250525_095625.jpg,1,892,181,512,608,918,1022,1336,560
PHOTO_20250525_095721.jpg,1,1054,117,582,401,827,884,1337,657
PHOTO_20250525_095726.jpg,1,1051,127,601,481,956,931,1415,559
PHOTO_20250525_095855.jpg,1,381,246,565,1048,1358,863,1187,75
PHOTO_20250525_100003.jpg,1,761,213,593,683,1037,930,1283,460
PHOTO_20250525_094413.jpg,1,437,279,487,828,1210,922,1212,253
PHOTO_20250525_101637.jpg,1,717,285,646,816,1237,827,1243,267
PHOTO_20250525_105211.jpg,1,1023,202,603,629,993,1039,1458,676
PHOTO_20250527_113839.jpg,1,615,241,348,702,794,964,1077,535
PHOTO_20250923_111638.jpg,1,366,222,394,914,1107,927,1108,210
PHOTO_20250923_112645.jpg,1,466,123,528,914,1317,948,1290,133
PHOTO_20250923_113615.jpg,1,426,137,449,904,1201,935,1178,131
PHOTO_20250923_114131.jpg,1,451,191,451,937,1182,943,1195,207
PHOTO_20250923_115405.jpg,1,396,170,375,920,1144,975,1132,205
PHOTO_20250923_115638.jpg,0,0,0,0,0,0,0,0,0
PHOTO_20250923_115819.jpg,1,368,41,410,1007,1372,1048,1373,84
PHOTO_20250923_120614.jpg,1,227,143,197,1048,1220,978,1162,30
PHOTO_20250923_120849.jpg,1,626,232,602,968,1370,1048,1383,174
PHOTO_20250923_121009.jpg,1,441,95,469,936,1236,904,1238,133
PHOTO_20250923_121342.jpg,1,522,167,486,988,1330,1027,1361,116
PHOTO_20250923_121616.jpg,1,471,141,466,818,1134,927,1181,174
PHOTO_20250923_121809.jpg,1,364,145,423,1027,1290,1048,1266,176
PHOTO_20250923_122120.jpg,1,479,176,482,957,1227,1048,1296,265
PHOTO_20250923_122654.jpg,1,313,215,462,970,1178,1046,1089,154
PHOTO_20250923_123504.jpg,1,623,231,617,864,1302,890,1278,179
PHOTO_20250923_132351.jpg,1,503,107,436,890,1231,969,1265,93
PHOTO_20250923_132614.jpg,1,770,91,651,820,1441,955,1503,96
PHOTO_20250525_114252.jpg,1,634,202,614,770,1167,860,1247,243
PHOTO_20250525_121638.jpg,1,691,170,510,733,1038,987,1289,390
PHOTO_20250525_121819.jpg,1,575,100,446,721,1018,947,1224,291
PHOTO_20250525_122037.jpg,1,750,206,544,738,1046,1000,1311,456
PHOTO_20250525_122340.jpg,1,757,268,649,766,1130,969,1323,460
PHOTO_20250525_122514.jpg,1,683,254,657,778,1162,890,1235,311
PHOTO_20250526_120413.jpg,1,643,105,514,731,1098,941,1245,328
PHOTO_20250526_121410.jpg,1,698,157,555,693,1023,966,1229,392
PHOTO_20250526_122418.jpg,1,623,291,569,831,1113,910,1177,344
PHOTO_20250526_122602.jpg,1,694,218,657,769,1206,867,1278,251
PHOTO_20250526_122958.jpg,1,873,169,615,667,1068,1007,1417,484
PHOTO_20250526_123231.jpg,1,664,265,455,719,893,947,1126,498
PHOTO_20250526_123702.jpg,1,517,318,496,829,1004,884,1034,338
PHOTO_20250526_123729.jpg,1,578,291,540,795,1044,884,1109,350
PHOTO_20250526_123833.jpg,1,697,371,657,798,1053,896,1116,417
PHOTO_20250526_123907.jpg,1,645,313,551,743,968,866,1075,398
